{"cameraMode":{"drawMode":0,"name":"Shaded","section":"Shading Mode"},"sceneLighting":true,"audioPlay":false,"sceneViewState":{"showFog":true,"showMaterialUpdate":true,"showSkybox":true,"showFlares":true,"showImageEffects":true,"showParticleSystems":true},"in2DMode":false,"pivot":{"x":10.270429611206055,"y":7.821683883666992,"z":10.536822319030762},"rotation":{"x":0.4955408275127411,"y":-0.24910518527030946,"z":0.1508496105670929,"w":0.818315863609314},"size":6.140704154968262,"orthographic":false}